<?xml version="1.0" encoding="UTF-8"?>
<rss version="2.0" xmlns:ror="http://rorweb.com/0.1/" >
<channel>
  <title>ROR Sitemap for http://chirags1725.github.io/</title>
  <link>http://chirags1725.github.io/</link>

<item>
     <link>https://chirags1725.github.io/</link>
     <title>Pro-Blog - Get Access to various new tricks, easter eggs and dive into a new world of Programming.</title>
     <description>Suppose you know programming languages and want just to get lost in the world of that language. By understanding each detail of that language, including Tricks, Easter eggs and advanced features of that language, Pro-Blog is just for you. This website covers many programming languages, including Python, C++, C#, Java, MySQL, Ruby, Android development, IOS development, Data Algorithms, Data Structures, Node JS, React JS, Vue JS, Javascript, etc. Pro-Blog also covers HTML (HyperText Markup Languag</description>
     <ror:updatePeriod></ror:updatePeriod>
     <ror:sortOrder>0</ror:sortOrder>
     <ror:resourceOf>sitemap</ror:resourceOf>
</item>
</channel>
</rss>
  